claim_id,issue_id,metric,value
C001,issue-usability,complaint_count,1273
C002,issue-usability,priority_score,3097
C003,issue-usability,mean_severity,2.432836
C004,issue-other,complaint_count,1412
C005,issue-other,priority_score,2768
C006,issue-other,mean_severity,1.960340
C007,issue-billing,complaint_count,808
C008,issue-billing,priority_score,2196
C009,issue-billing,mean_severity,2.717822
C010,issue-playback,complaint_count,676
C011,issue-playback,priority_score,2152
C012,issue-playback,mean_severity,3.183432
C013,issue-access,complaint_count,159
C014,issue-access,priority_score,620
C015,issue-access,mean_severity,3.899371
C016,issue-catalog,complaint_count,189
C017,issue-catalog,priority_score,478
C018,issue-catalog,mean_severity,2.529101
C019,issue-downloads,complaint_count,78
C020,issue-downloads,priority_score,242
C021,issue-downloads,mean_severity,3.102564
C022,issue-support,complaint_count,11
C023,issue-support,priority_score,25
C024,issue-support,mean_severity,2.272727
