request_id,role,model,input_tokens,cached_input_tokens,output_tokens,api_usd,wall_seconds
86ce5e26-a95b-412e-905b-7f606e150719,enrich,gemma3n:e4b-it-q4_K_M,706,0,364,0.0,11.361016625072807
aa1a2e42-7126-4d3f-b8b2-2509230128d4,enrich,gemma3n:e4b-it-q4_K_M,716,0,365,0.0,12.789261540980078
0caa7991-26c8-4b90-86ec-4062f94bca51,enrich,gemma3n:e4b-it-q4_K_M,829,0,305,0.0,11.056296332972124
7319ab1b-fa67-4961-a190-ea7a898ed66d,enrich,gemma3n:e4b-it-q4_K_M,888,0,374,0.0,12.99065741605591
2e7a80ce-819c-4dd8-bf2e-5a9bafd53d3c,enrich,gemma3n:e4b-it-q4_K_M,889,0,376,0.0,12.924822959001176
94caa3c9-536c-406f-b669-2db0405fecc9,enrich,gemma3n:e4b-it-q4_K_M,764,0,312,0.0,11.36339308298193
9810bd23-d5cb-4158-a09b-de2dab32b4ec,enrich,gemma3n:e4b-it-q4_K_M,854,0,324,0.0,12.07692683301866
c77ffa7b-1ced-4ade-91db-cc678aac4938,enrich,gemma3n:e4b-it-q4_K_M,704,0,368,0.0,13.052277541020885
b3081aa2-16e6-4370-9ed6-24f479180904,enrich,gemma3n:e4b-it-q4_K_M,851,0,305,0.0,11.868267250014469
bbd9bcc4-71e6-4d1a-9651-b4357da1d22e,enrich,gemma3n:e4b-it-q4_K_M,875,0,381,0.0,15.631045375019312
4d910e22-12a6-4bdb-a2f8-703a6acb06ce,verify,gemma3n:e4b-it-q4_K_M,898,0,364,0.0,19.46863645792473
916ea721-fd4c-4449-ac73-51a9964b977e,group,gemma3n:e4b-it-q4_K_M,1893,0,145,0.0,12.571927499957383
1ba17f57-e8dc-42b7-b601-a3a74f1ad1c0,memo,gemma3n:e4b-it-q4_K_M,2265,0,368,0.0,23.375276042032056
