request_id,phase,role,model,input_tokens,output_tokens,api_usd,usage_unknown,outcome
0abc2145-a38b-4f03-a65d-373fa613f033,cold,enrich,jev-1.13.0,1213,212,5.0946e-05,False,succeeded
90e04e87-e99f-494a-b51e-03dfe25676bf,cold,enrich,jev-1.13.0,1210,212,5.082e-05,False,succeeded
527a1dd8-0ed4-49ac-a9b1-0ec51fd17fe6,cold,enrich,jev-1.13.0,1208,212,5.0736000000000003e-05,False,succeeded
5bc3e82b-7fa6-40fb-aa9e-2e44bbf90b9b,cold,enrich,jev-1.13.0,1249,212,5.2458000000000005e-05,False,succeeded
29f4e1cc-ed79-477c-aea7-27f3d1a90491,cold,enrich,jev-1.13.0,1248,212,5.2416e-05,False,succeeded
c60220c1-9c84-4c79-893d-46d5c076994a,cold,enrich,jev-1.13.0,1209,212,5.077800000000001e-05,False,succeeded
ea471160-dea9-4917-a0f7-e983bc736e32,cold,enrich,jev-1.13.0,1209,212,5.077800000000001e-05,False,succeeded
fbf1bfda-aced-465d-bb1b-31393c88ddb4,cold,enrich,jev-1.13.0,1211,212,5.0862e-05,False,succeeded
13ba6377-45f3-47d0-b303-701c5e442ae8,cold,enrich,jev-1.13.0,1211,212,5.0862e-05,False,succeeded
1ec1ac02-4777-48d3-9cdc-f40d40a536be,cold,enrich,jev-1.13.0,1210,212,5.082e-05,False,succeeded
3304a452-b140-4fae-a9f6-410fbbe02df6,cold,enrich,jev-1.13.0,1209,212,5.077800000000001e-05,False,succeeded
ec6b02f0-b6b1-4ac7-8e61-f440e2d0dda2,cold,enrich,jev-1.13.0,1232,212,5.1744e-05,False,succeeded
0db64140-164f-40ea-9a34-3d59358d76cb,cold,enrich,jev-1.13.0,1209,212,5.077800000000001e-05,False,succeeded
f8ac6a96-59e6-46bf-9fad-98e523539e75,cold,enrich,jev-1.13.0,1210,212,5.082e-05,False,succeeded
e66c3bbd-cb18-44b2-bc2b-a869470e7b81,cold,enrich,jev-1.13.0,1216,212,5.1072e-05,False,succeeded
dafb44ea-eb2e-40cd-81c5-6ea6acfedcd0,cold,enrich,jev-1.13.0,1211,212,5.0862e-05,False,succeeded
b1a89b51-2fdf-40e4-b952-ca45e555a0b6,cold,enrich,jev-1.13.0,1212,212,5.0904000000000006e-05,False,succeeded
3ef87b2d-0289-452e-aa9e-d3ebdd7f3947,cold,enrich,jev-1.13.0,1249,214,5.2458000000000005e-05,False,succeeded
1ceaf460-c8c0-47ff-b427-533d134a9980,cold,enrich,jev-1.13.0,1231,212,5.170200000000001e-05,False,succeeded
2f92f99a-d831-47d5-a377-0197fc813cf6,cold,enrich,jev-1.13.0,1212,212,5.0904000000000006e-05,False,succeeded
7cac58dc-8282-4dfe-a6f9-d892f15f0e6b,cold,enrich,jev-1.13.0,1274,214,5.3508e-05,False,succeeded
59592942-ce94-4d6f-b735-7af76f46efb6,cold,enrich,jev-1.13.0,1208,212,5.0736000000000003e-05,False,succeeded
2b03a941-71f5-4bac-9ffe-bf63fe0e0db9,cold,enrich,jev-1.13.0,1232,214,5.1744e-05,False,succeeded
ff6cefad-c5aa-4294-a93b-cf08d8e340d5,cold,enrich,jev-1.13.0,1222,212,5.1324000000000005e-05,False,succeeded
f5975ba6-33b6-4f1c-a0d9-175658d4034b,cold,enrich,jev-1.13.0,1231,212,5.170200000000001e-05,False,succeeded
1b148342-98d0-4f1e-91b2-21f29a129ca0,cold,enrich,jev-1.13.0,1215,212,5.1030000000000004e-05,False,succeeded
71d99cbf-6334-4e25-80da-fef36871fb84,cold,enrich,jev-1.13.0,1210,212,5.082e-05,False,succeeded
6eb42b57-f4e1-4d5f-be5a-1833fbd2204d,cold,enrich,jev-1.13.0,1249,213,5.2458000000000005e-05,False,succeeded
6074605a-a063-4132-b0e4-6a6d9c5436b2,cold,enrich,jev-1.13.0,1220,214,5.1240000000000004e-05,False,succeeded
cbca590b-4eff-4d44-9539-0982edff910f,cold,enrich,jev-1.13.0,1227,213,5.1534000000000005e-05,False,succeeded
814bab9c-2c9d-4ddb-aad8-be835f47b8c4,cold,enrich,jev-1.13.0,1218,212,5.1156e-05,False,succeeded
68e41e8d-795a-40d0-9ef1-5bdbea8a47cb,cold,enrich,jev-1.13.0,1216,212,5.1072e-05,False,succeeded
277345a4-ca11-43fe-b21a-875d5b0a8c66,cold,enrich,jev-1.13.0,1224,213,5.1408e-05,False,succeeded
40c9a761-c2ff-411c-8352-f58adb3f8982,cold,enrich,jev-1.13.0,1291,214,5.4222000000000004e-05,False,succeeded
ede28dec-473b-4e44-86ea-0f356b6fe34a,cold,enrich,jev-1.13.0,1244,214,5.2248000000000005e-05,False,succeeded
758eb81c-03f6-4b0b-8d27-a94074c36d18,cold,enrich,jev-1.13.0,1220,212,5.1240000000000004e-05,False,succeeded
ba6a7bb4-39f5-4cea-824b-e41b02b32188,cold,enrich,jev-1.13.0,1210,212,5.082e-05,False,succeeded
0a283875-d685-4e22-9ea8-ee4b62a70192,cold,enrich,jev-1.13.0,1224,214,5.1408e-05,False,succeeded
7e6171f5-24d3-4d7b-9ff8-c6f03be6baad,cold,enrich,jev-1.13.0,1272,212,5.342400000000001e-05,False,succeeded
920d15bc-b3af-42de-b37f-817307bb3482,cold,enrich,jev-1.13.0,1225,214,5.1450000000000004e-05,False,succeeded
db1f294f-0ffc-46a1-963c-6e069165c724,cold,enrich,jev-1.13.0,1208,212,5.0736000000000003e-05,False,succeeded
cb6fc3cc-a7d8-45a1-bc2f-7d84b961f415,cold,enrich,jev-1.13.0,1307,214,5.489400000000001e-05,False,succeeded
1eb8db0a-f093-42f9-acea-f26849d4b77b,cold,enrich,jev-1.13.0,1262,212,5.3004e-05,False,succeeded
7142f079-7f6c-40ed-8925-c64c22de5031,cold,enrich,jev-1.13.0,1211,212,5.0862e-05,False,succeeded
7631ca54-dac2-407d-ac5d-49b503abfff5,cold,enrich,jev-1.13.0,1265,214,5.313e-05,False,succeeded
406b508e-3255-40a7-8089-820a95d67105,cold,enrich,jev-1.13.0,1210,212,5.082e-05,False,succeeded
5385bf1e-b2f8-44cc-84c2-e83de902aa73,cold,enrich,jev-1.13.0,1213,212,5.0946e-05,False,succeeded
20cdc74c-fed4-4745-ae21-02a23462d3f4,cold,enrich,jev-1.13.0,1254,212,5.2668000000000005e-05,False,succeeded
86db1b7d-ae85-4e18-88f4-3e9d3ed1db27,cold,enrich,jev-1.13.0,1217,214,5.1114000000000006e-05,False,succeeded
a444d451-03d9-4f07-84ac-ae0fd3cd3e07,cold,enrich,jev-1.13.0,1212,212,5.0904000000000006e-05,False,succeeded
27021bd8-afbf-4386-b9e5-1f90de249e12,cold,enrich,jev-1.13.0,1219,212,5.1198e-05,False,succeeded
6e9a1a0c-27ec-44e2-a2ca-279e66598c9b,cold,enrich,jev-1.13.0,1214,212,5.098800000000001e-05,False,succeeded
89d94ca9-f12a-4328-8d17-16d69887685a,cold,enrich,jev-1.13.0,1235,214,5.187e-05,False,succeeded
3a841e18-e5b6-4bd3-aef4-fe75cfaefffe,cold,enrich,jev-1.13.0,1322,214,5.5524e-05,False,succeeded
32b76e27-d462-4e03-adc4-7cdb1a8ffbe4,cold,enrich,jev-1.13.0,1212,212,5.0904000000000006e-05,False,succeeded
88345641-e665-44c3-893b-63e97062ec2b,cold,enrich,jev-1.13.0,1230,213,5.1660000000000003e-05,False,succeeded
ed89a3b3-8cd5-4c71-91d2-cac0b0c4ef48,cold,enrich,jev-1.13.0,1210,212,5.082e-05,False,succeeded
0eafd349-743d-48e0-ac15-5382892f240d,cold,enrich,jev-1.13.0,1214,212,5.098800000000001e-05,False,succeeded
3fe29658-8bc2-461a-9212-4e77b156baab,cold,enrich,jev-1.13.0,1217,212,5.1114000000000006e-05,False,succeeded
d20bae92-86b8-4894-a759-eb3a363e430f,cold,enrich,jev-1.13.0,1216,214,5.1072e-05,False,succeeded
057b3b3f-d051-4253-b3cc-80e8543a3bd1,cold,enrich,jev-1.13.0,1258,216,5.283600000000001e-05,False,succeeded
6d4d7560-a30f-4804-806a-fb5a7d8ee8c2,cold,enrich,jev-1.13.0,1218,212,5.1156e-05,False,succeeded
8d51250c-da68-4c1b-8d10-193fb196e3c2,cold,enrich,jev-1.13.0,1243,214,5.2206e-05,False,succeeded
7e31d750-26e4-41c0-9496-32a9ff1e5149,cold,enrich,jev-1.13.0,1209,212,5.077800000000001e-05,False,succeeded
4f808bfb-d92a-489c-9d56-d06c23271903,cold,enrich,jev-1.13.0,1237,212,5.1954e-05,False,succeeded
7c3e83bb-b24f-4720-8df9-4689a54eebbd,cold,enrich,jev-1.13.0,1221,212,5.1282e-05,False,succeeded
32a45902-b43c-45c8-986d-a880fda897c9,cold,enrich,jev-1.13.0,1283,212,5.3886000000000006e-05,False,succeeded
1551fdcc-3df4-4016-a2f3-5390358b3aa7,cold,enrich,jev-1.13.0,1217,211,5.1114000000000006e-05,False,succeeded
ef03cf79-b402-43f3-b589-5f3379a58a97,cold,enrich,jev-1.13.0,1220,212,5.1240000000000004e-05,False,succeeded
34869e70-b5a8-4e12-9e96-4525196081ae,cold,enrich,jev-1.13.0,1210,212,5.082e-05,False,succeeded
18552862-4bd9-4568-aab8-72e80abb2030,cold,enrich,jev-1.13.0,1209,212,5.077800000000001e-05,False,succeeded
0cd64ead-92f3-4393-b669-94bdb94e850f,cold,enrich,jev-1.13.0,1214,214,5.098800000000001e-05,False,succeeded
b3fc0e30-0f5a-446a-a95e-291bd201323a,cold,enrich,jev-1.13.0,1239,214,5.2038000000000006e-05,False,succeeded
ed0ebe86-d45c-40c7-abc1-54fe384e902d,cold,enrich,jev-1.13.0,1220,211,5.1240000000000004e-05,False,succeeded
de875ee0-9985-4a0e-af39-ef75dda9f069,cold,enrich,jev-1.13.0,1231,213,5.170200000000001e-05,False,succeeded
792cc0a2-65df-44f7-9dc4-67d9d6f318bc,cold,enrich,jev-1.13.0,1209,212,5.077800000000001e-05,False,succeeded
52df7a40-4278-454c-a2c1-7cadfb8471d1,cold,enrich,jev-1.13.0,1212,212,5.0904000000000006e-05,False,succeeded
08e01399-a338-4e16-ae4b-992bd07968a2,cold,enrich,jev-1.13.0,1210,212,5.082e-05,False,succeeded
9d55df2a-c9e8-4f2b-981e-e0ed184e25c8,cold,enrich,jev-1.13.0,1212,212,5.0904000000000006e-05,False,succeeded
e62b94c5-fc52-48de-85dd-5582cd8dd19e,cold,enrich,jev-1.13.0,1212,212,5.0904000000000006e-05,False,succeeded
24204089-1281-4fc5-acff-e2e6c02ce144,cold,enrich,jev-1.13.0,1243,214,5.2206e-05,False,succeeded
ab631f66-dca6-4840-a6e6-9935b72e662c,cold,enrich,jev-1.13.0,1306,214,5.4852e-05,False,succeeded
7c43fc7b-c005-4a2a-8a48-8bbffaa83f8f,cold,enrich,jev-1.13.0,1228,212,5.1576e-05,False,succeeded
376a3e0e-5b3b-4e55-97c0-3fe4313ebd3d,cold,enrich,jev-1.13.0,1244,216,5.2248000000000005e-05,False,succeeded
939882ac-e670-455b-8588-b379b0eecc7b,cold,enrich,jev-1.13.0,1210,212,5.082e-05,False,succeeded
8f94fd19-2601-49f2-af87-372311c7b091,cold,enrich,jev-1.13.0,1215,212,5.1030000000000004e-05,False,succeeded
01ac9b1a-7ff4-4d72-9286-cda876b2bc1b,cold,enrich,jev-1.13.0,1215,212,5.1030000000000004e-05,False,succeeded
b3a0342b-788d-4614-931c-c372e2504b53,cold,enrich,jev-1.13.0,1214,213,5.098800000000001e-05,False,succeeded
7769ca0d-6d8e-4e04-a1bb-b16a6f3e605e,cold,enrich,jev-1.13.0,1220,212,5.1240000000000004e-05,False,succeeded
90fed45e-f51a-4724-8abf-a4ccdf5ba4de,cold,enrich,jev-1.13.0,1211,212,5.0862e-05,False,succeeded
7d468fd0-da2c-4799-b67f-d06ff8cac3b3,cold,enrich,jev-1.13.0,1212,212,5.0904000000000006e-05,False,succeeded
eb67879b-22fc-477f-8579-1fe519dc9c83,cold,enrich,jev-1.13.0,1245,212,5.229000000000001e-05,False,succeeded
04ff2cee-e9b1-42d5-848a-dd06f18a6a15,cold,enrich,jev-1.13.0,1216,212,5.1072e-05,False,succeeded
a1e86a4a-189b-4863-b483-e9ac7d5df278,cold,enrich,jev-1.13.0,1216,212,5.1072e-05,False,succeeded
aa16758f-1cfd-44ec-ae36-215a723ae521,cold,enrich,jev-1.13.0,1209,212,5.077800000000001e-05,False,succeeded
0b47844f-8b7f-4b62-992d-930c7595dfd7,cold,enrich,jev-1.13.0,1219,212,5.1198e-05,False,succeeded
76f1cc33-cf4d-4aac-8d69-d3e3da846682,cold,enrich,jev-1.13.0,1224,212,5.1408e-05,False,succeeded
90cb34b3-08ea-4cc7-bcf2-d5547636f985,cold,enrich,jev-1.13.0,1234,212,5.1828000000000006e-05,False,succeeded
66665c94-152c-4489-bb7b-261397a4f2f0,cold,enrich,jev-1.13.0,1352,212,5.6784000000000004e-05,False,succeeded
7d3dc0d9-44cb-4286-87ac-5332e68acfca,cold,enrich,jev-1.13.0,1221,212,5.1282e-05,False,succeeded
7a60254d-dd1c-450c-83a2-d2c9715f00c2,cold,verify,jev-1.13.0,1452,214,6.0984000000000004e-05,False,succeeded
527b6151-4a89-40ea-a966-d24c6e5ae180,cold,verify,jev-1.13.0,1367,212,5.7414e-05,False,succeeded
a4c390a5-d2d7-4edc-a567-216b6dc5329b,cold,verify,jev-1.13.0,1384,212,5.8128e-05,False,succeeded
0e1959ea-9ff1-4da7-8f21-0b7fbaceec78,cold,verify,jev-1.13.0,1338,212,5.6196e-05,False,succeeded
e9651245-ce21-406d-b728-1af1d182ff50,cold,verify,jev-1.13.0,1346,212,5.653200000000001e-05,False,succeeded
5fe4c42e-0d4c-41e4-9b01-59bf42739b94,cold,verify,jev-1.13.0,1339,212,5.6238000000000006e-05,False,succeeded
ee6c1917-e6fc-4a32-a05e-30a9ac47747b,cold,verify,jev-1.13.0,1361,212,5.7162000000000006e-05,False,succeeded
e8e9e6ef-1e7a-4163-905f-314c6dc0e1bc,cold,verify,jev-1.13.0,1378,212,5.7876000000000006e-05,False,succeeded
0aa142ff-4cbc-4adc-a354-3db73fe03792,cold,verify,jev-1.13.0,1340,212,5.628e-05,False,succeeded
d0ec87e2-bfb9-4261-8512-83daea9bb9d3,cold,verify,jev-1.13.0,1340,212,5.628e-05,False,succeeded
0bcab743-4b2a-4db3-b032-0747169a6769,cold,group,gemma3n:e4b-it-q4_K_M,1780,113,0.0,False,succeeded
7d3c912e-dc21-47f6-a767-50c56517afff,cold,memo,gemma3n:e4b-it-q4_K_M,2154,318,0.0,False,succeeded
